frame_path,timestamp_ms,frame_num
/Users/blueaz/Tennis/frames/20260103_back/frame_0001.jpg,0,0001
/Users/blueaz/Tennis/frames/20260103_back/frame_0002.jpg,200,0002
/Users/blueaz/Tennis/frames/20260103_back/frame_0003.jpg,400,0003
/Users/blueaz/Tennis/frames/20260103_back/frame_0004.jpg,600,0004
/Users/blueaz/Tennis/frames/20260103_back/frame_0005.jpg,800,0005
/Users/blueaz/Tennis/frames/20260103_back/frame_0006.jpg,1000,0006
/Users/blueaz/Tennis/frames/20260103_back/frame_0007.jpg,1200,0007
/Users/blueaz/Tennis/frames/20260103_back/frame_0008.jpg,1400,0008
/Users/blueaz/Tennis/frames/20260103_back/frame_0009.jpg,1600,0009
/Users/blueaz/Tennis/frames/20260103_back/frame_0010.jpg,1800,0010
/Users/blueaz/Tennis/frames/20260103_back/frame_0011.jpg,2000,0011
/Users/blueaz/Tennis/frames/20260103_back/frame_0012.jpg,2200,0012
/Users/blueaz/Tennis/frames/20260103_back/frame_0013.jpg,2400,0013
/Users/blueaz/Tennis/frames/20260103_back/frame_0014.jpg,2600,0014
/Users/blueaz/Tennis/frames/20260103_back/frame_0015.jpg,2800,0015
/Users/blueaz/Tennis/frames/20260103_back/frame_0016.jpg,3000,0016
/Users/blueaz/Tennis/frames/20260103_back/frame_0017.jpg,3200,0017
/Users/blueaz/Tennis/frames/20260103_back/frame_0018.jpg,3400,0018
/Users/blueaz/Tennis/frames/20260103_back/frame_0019.jpg,3600,0019
/Users/blueaz/Tennis/frames/20260103_back/frame_0020.jpg,3800,0020
/Users/blueaz/Tennis/frames/20260103_back/frame_0021.jpg,4000,0021
/Users/blueaz/Tennis/frames/20260103_back/frame_0022.jpg,4200,0022
/Users/blueaz/Tennis/frames/20260103_back/frame_0023.jpg,4400,0023
/Users/blueaz/Tennis/frames/20260103_back/frame_0024.jpg,4600,0024
/Users/blueaz/Tennis/frames/20260103_back/frame_0025.jpg,4800,0025
/Users/blueaz/Tennis/frames/20260103_back/frame_0026.jpg,5000,0026
/Users/blueaz/Tennis/frames/20260103_back/frame_0027.jpg,5200,0027
/Users/blueaz/Tennis/frames/20260103_back/frame_0028.jpg,5400,0028
/Users/blueaz/Tennis/frames/20260103_back/frame_0029.jpg,5600,0029
/Users/blueaz/Tennis/frames/20260103_back/frame_0030.jpg,5800,0030
/Users/blueaz/Tennis/frames/20260103_back/frame_0031.jpg,6000,0031
/Users/blueaz/Tennis/frames/20260103_back/frame_0032.jpg,6200,0032
/Users/blueaz/Tennis/frames/20260103_back/frame_0033.jpg,6400,0033
/Users/blueaz/Tennis/frames/20260103_back/frame_0034.jpg,6600,0034
/Users/blueaz/Tennis/frames/20260103_back/frame_0035.jpg,6800,0035
/Users/blueaz/Tennis/frames/20260103_back/frame_0036.jpg,7000,0036
/Users/blueaz/Tennis/frames/20260103_back/frame_0037.jpg,7200,0037
/Users/blueaz/Tennis/frames/20260103_back/frame_0038.jpg,7400,0038
/Users/blueaz/Tennis/frames/20260103_back/frame_0039.jpg,7600,0039
/Users/blueaz/Tennis/frames/20260103_back/frame_0040.jpg,7800,0040
/Users/blueaz/Tennis/frames/20260103_back/frame_0041.jpg,8000,0041
/Users/blueaz/Tennis/frames/20260103_back/frame_0042.jpg,8200,0042
/Users/blueaz/Tennis/frames/20260103_back/frame_0043.jpg,8400,0043
/Users/blueaz/Tennis/frames/20260103_back/frame_0044.jpg,8600,0044
/Users/blueaz/Tennis/frames/20260103_back/frame_0045.jpg,8800,0045
/Users/blueaz/Tennis/frames/20260103_back/frame_0046.jpg,9000,0046
/Users/blueaz/Tennis/frames/20260103_back/frame_0047.jpg,9200,0047
/Users/blueaz/Tennis/frames/20260103_back/frame_0048.jpg,9400,0048
/Users/blueaz/Tennis/frames/20260103_back/frame_0049.jpg,9600,0049
/Users/blueaz/Tennis/frames/20260103_back/frame_0050.jpg,9800,0050
/Users/blueaz/Tennis/frames/20260103_back/frame_0051.jpg,10000,0051
/Users/blueaz/Tennis/frames/20260103_back/frame_0052.jpg,10200,0052
/Users/blueaz/Tennis/frames/20260103_back/frame_0053.jpg,10400,0053
/Users/blueaz/Tennis/frames/20260103_back/frame_0054.jpg,10600,0054
/Users/blueaz/Tennis/frames/20260103_back/frame_0055.jpg,10800,0055
/Users/blueaz/Tennis/frames/20260103_back/frame_0056.jpg,11000,0056
/Users/blueaz/Tennis/frames/20260103_back/frame_0057.jpg,11200,0057
/Users/blueaz/Tennis/frames/20260103_back/frame_0058.jpg,11400,0058
/Users/blueaz/Tennis/frames/20260103_back/frame_0059.jpg,11600,0059
/Users/blueaz/Tennis/frames/20260103_back/frame_0060.jpg,11800,0060
/Users/blueaz/Tennis/frames/20260103_back/frame_0061.jpg,12000,0061
/Users/blueaz/Tennis/frames/20260103_back/frame_0062.jpg,12200,0062
/Users/blueaz/Tennis/frames/20260103_back/frame_0063.jpg,12400,0063
/Users/blueaz/Tennis/frames/20260103_back/frame_0064.jpg,12600,0064
/Users/blueaz/Tennis/frames/20260103_back/frame_0065.jpg,12800,0065
/Users/blueaz/Tennis/frames/20260103_back/frame_0066.jpg,13000,0066
/Users/blueaz/Tennis/frames/20260103_back/frame_0067.jpg,13200,0067
/Users/blueaz/Tennis/frames/20260103_back/frame_0068.jpg,13400,0068
/Users/blueaz/Tennis/frames/20260103_back/frame_0069.jpg,13600,0069
/Users/blueaz/Tennis/frames/20260103_back/frame_0070.jpg,13800,0070
/Users/blueaz/Tennis/frames/20260103_back/frame_0071.jpg,14000,0071
/Users/blueaz/Tennis/frames/20260103_back/frame_0072.jpg,14200,0072
/Users/blueaz/Tennis/frames/20260103_back/frame_0073.jpg,14400,0073
/Users/blueaz/Tennis/frames/20260103_back/frame_0074.jpg,14600,0074
/Users/blueaz/Tennis/frames/20260103_back/frame_0075.jpg,14800,0075
/Users/blueaz/Tennis/frames/20260103_back/frame_0076.jpg,15000,0076
/Users/blueaz/Tennis/frames/20260103_back/frame_0077.jpg,15200,0077
/Users/blueaz/Tennis/frames/20260103_back/frame_0078.jpg,15400,0078
/Users/blueaz/Tennis/frames/20260103_back/frame_0079.jpg,15600,0079
/Users/blueaz/Tennis/frames/20260103_back/frame_0080.jpg,15800,0080
/Users/blueaz/Tennis/frames/20260103_back/frame_0081.jpg,16000,0081
/Users/blueaz/Tennis/frames/20260103_back/frame_0082.jpg,16200,0082
/Users/blueaz/Tennis/frames/20260103_back/frame_0083.jpg,16400,0083
/Users/blueaz/Tennis/frames/20260103_back/frame_0084.jpg,16600,0084
/Users/blueaz/Tennis/frames/20260103_back/frame_0085.jpg,16800,0085
/Users/blueaz/Tennis/frames/20260103_back/frame_0086.jpg,17000,0086
/Users/blueaz/Tennis/frames/20260103_back/frame_0087.jpg,17200,0087
/Users/blueaz/Tennis/frames/20260103_back/frame_0088.jpg,17400,0088
/Users/blueaz/Tennis/frames/20260103_back/frame_0089.jpg,17600,0089
/Users/blueaz/Tennis/frames/20260103_back/frame_0090.jpg,17800,0090
/Users/blueaz/Tennis/frames/20260103_back/frame_0091.jpg,18000,0091
/Users/blueaz/Tennis/frames/20260103_back/frame_0092.jpg,18200,0092
/Users/blueaz/Tennis/frames/20260103_back/frame_0093.jpg,18400,0093
/Users/blueaz/Tennis/frames/20260103_back/frame_0094.jpg,18600,0094
/Users/blueaz/Tennis/frames/20260103_back/frame_0095.jpg,18800,0095
/Users/blueaz/Tennis/frames/20260103_back/frame_0096.jpg,19000,0096
/Users/blueaz/Tennis/frames/20260103_back/frame_0097.jpg,19200,0097
/Users/blueaz/Tennis/frames/20260103_back/frame_0098.jpg,19400,0098
/Users/blueaz/Tennis/frames/20260103_back/frame_0099.jpg,19600,0099
/Users/blueaz/Tennis/frames/20260103_back/frame_0100.jpg,19800,0100
/Users/blueaz/Tennis/frames/20260103_back/frame_0101.jpg,20000,0101
/Users/blueaz/Tennis/frames/20260103_back/frame_0102.jpg,20200,0102
/Users/blueaz/Tennis/frames/20260103_back/frame_0103.jpg,20400,0103
/Users/blueaz/Tennis/frames/20260103_back/frame_0104.jpg,20600,0104
/Users/blueaz/Tennis/frames/20260103_back/frame_0105.jpg,20800,0105
/Users/blueaz/Tennis/frames/20260103_back/frame_0106.jpg,21000,0106
/Users/blueaz/Tennis/frames/20260103_back/frame_0107.jpg,21200,0107
/Users/blueaz/Tennis/frames/20260103_back/frame_0108.jpg,21400,0108
/Users/blueaz/Tennis/frames/20260103_back/frame_0109.jpg,21600,0109
/Users/blueaz/Tennis/frames/20260103_back/frame_0110.jpg,21800,0110
/Users/blueaz/Tennis/frames/20260103_back/frame_0111.jpg,22000,0111
/Users/blueaz/Tennis/frames/20260103_back/frame_0112.jpg,22200,0112
/Users/blueaz/Tennis/frames/20260103_back/frame_0113.jpg,22400,0113
/Users/blueaz/Tennis/frames/20260103_back/frame_0114.jpg,22600,0114
/Users/blueaz/Tennis/frames/20260103_back/frame_0115.jpg,22800,0115
/Users/blueaz/Tennis/frames/20260103_back/frame_0116.jpg,23000,0116
/Users/blueaz/Tennis/frames/20260103_back/frame_0117.jpg,23200,0117
/Users/blueaz/Tennis/frames/20260103_back/frame_0118.jpg,23400,0118
/Users/blueaz/Tennis/frames/20260103_back/frame_0119.jpg,23600,0119
/Users/blueaz/Tennis/frames/20260103_back/frame_0120.jpg,23800,0120
/Users/blueaz/Tennis/frames/20260103_back/frame_0121.jpg,24000,0121
/Users/blueaz/Tennis/frames/20260103_back/frame_0122.jpg,24200,0122
/Users/blueaz/Tennis/frames/20260103_back/frame_0123.jpg,24400,0123
/Users/blueaz/Tennis/frames/20260103_back/frame_0124.jpg,24600,0124
/Users/blueaz/Tennis/frames/20260103_back/frame_0125.jpg,24800,0125
/Users/blueaz/Tennis/frames/20260103_back/frame_0126.jpg,25000,0126
/Users/blueaz/Tennis/frames/20260103_back/frame_0127.jpg,25200,0127
/Users/blueaz/Tennis/frames/20260103_back/frame_0128.jpg,25400,0128
/Users/blueaz/Tennis/frames/20260103_back/frame_0129.jpg,25600,0129
/Users/blueaz/Tennis/frames/20260103_back/frame_0130.jpg,25800,0130
/Users/blueaz/Tennis/frames/20260103_back/frame_0131.jpg,26000,0131
/Users/blueaz/Tennis/frames/20260103_back/frame_0132.jpg,26200,0132
/Users/blueaz/Tennis/frames/20260103_back/frame_0133.jpg,26400,0133
/Users/blueaz/Tennis/frames/20260103_back/frame_0134.jpg,26600,0134
/Users/blueaz/Tennis/frames/20260103_back/frame_0135.jpg,26800,0135
/Users/blueaz/Tennis/frames/20260103_back/frame_0136.jpg,27000,0136
/Users/blueaz/Tennis/frames/20260103_back/frame_0137.jpg,27200,0137
/Users/blueaz/Tennis/frames/20260103_back/frame_0138.jpg,27400,0138
/Users/blueaz/Tennis/frames/20260103_back/frame_0139.jpg,27600,0139
/Users/blueaz/Tennis/frames/20260103_back/frame_0140.jpg,27800,0140
/Users/blueaz/Tennis/frames/20260103_back/frame_0141.jpg,28000,0141
/Users/blueaz/Tennis/frames/20260103_back/frame_0142.jpg,28200,0142
/Users/blueaz/Tennis/frames/20260103_back/frame_0143.jpg,28400,0143
/Users/blueaz/Tennis/frames/20260103_back/frame_0144.jpg,28600,0144
/Users/blueaz/Tennis/frames/20260103_back/frame_0145.jpg,28800,0145
/Users/blueaz/Tennis/frames/20260103_back/frame_0146.jpg,29000,0146
/Users/blueaz/Tennis/frames/20260103_back/frame_0147.jpg,29200,0147
/Users/blueaz/Tennis/frames/20260103_back/frame_0148.jpg,29400,0148
/Users/blueaz/Tennis/frames/20260103_back/frame_0149.jpg,29600,0149
/Users/blueaz/Tennis/frames/20260103_back/frame_0150.jpg,29800,0150
/Users/blueaz/Tennis/frames/20260103_back/frame_0151.jpg,30000,0151
/Users/blueaz/Tennis/frames/20260103_back/frame_0152.jpg,30200,0152
/Users/blueaz/Tennis/frames/20260103_back/frame_0153.jpg,30400,0153
/Users/blueaz/Tennis/frames/20260103_back/frame_0154.jpg,30600,0154
/Users/blueaz/Tennis/frames/20260103_back/frame_0155.jpg,30800,0155
/Users/blueaz/Tennis/frames/20260103_back/frame_0156.jpg,31000,0156
/Users/blueaz/Tennis/frames/20260103_back/frame_0157.jpg,31200,0157
/Users/blueaz/Tennis/frames/20260103_back/frame_0158.jpg,31400,0158
/Users/blueaz/Tennis/frames/20260103_back/frame_0159.jpg,31600,0159
/Users/blueaz/Tennis/frames/20260103_back/frame_0160.jpg,31800,0160
/Users/blueaz/Tennis/frames/20260103_back/frame_0161.jpg,32000,0161
/Users/blueaz/Tennis/frames/20260103_back/frame_0162.jpg,32200,0162
/Users/blueaz/Tennis/frames/20260103_back/frame_0163.jpg,32400,0163
/Users/blueaz/Tennis/frames/20260103_back/frame_0164.jpg,32600,0164
/Users/blueaz/Tennis/frames/20260103_back/frame_0165.jpg,32800,0165
/Users/blueaz/Tennis/frames/20260103_back/frame_0166.jpg,33000,0166
/Users/blueaz/Tennis/frames/20260103_back/frame_0167.jpg,33200,0167
/Users/blueaz/Tennis/frames/20260103_back/frame_0168.jpg,33400,0168
/Users/blueaz/Tennis/frames/20260103_back/frame_0169.jpg,33600,0169
/Users/blueaz/Tennis/frames/20260103_back/frame_0170.jpg,33800,0170
/Users/blueaz/Tennis/frames/20260103_back/frame_0171.jpg,34000,0171
/Users/blueaz/Tennis/frames/20260103_back/frame_0172.jpg,34200,0172
/Users/blueaz/Tennis/frames/20260103_back/frame_0173.jpg,34400,0173
/Users/blueaz/Tennis/frames/20260103_back/frame_0174.jpg,34600,0174
/Users/blueaz/Tennis/frames/20260103_back/frame_0175.jpg,34800,0175
/Users/blueaz/Tennis/frames/20260103_back/frame_0176.jpg,35000,0176
/Users/blueaz/Tennis/frames/20260103_back/frame_0177.jpg,35200,0177
/Users/blueaz/Tennis/frames/20260103_back/frame_0178.jpg,35400,0178
/Users/blueaz/Tennis/frames/20260103_back/frame_0179.jpg,35600,0179
/Users/blueaz/Tennis/frames/20260103_back/frame_0180.jpg,35800,0180
/Users/blueaz/Tennis/frames/20260103_back/frame_0181.jpg,36000,0181
/Users/blueaz/Tennis/frames/20260103_back/frame_0182.jpg,36200,0182
/Users/blueaz/Tennis/frames/20260103_back/frame_0183.jpg,36400,0183
/Users/blueaz/Tennis/frames/20260103_back/frame_0184.jpg,36600,0184
/Users/blueaz/Tennis/frames/20260103_back/frame_0185.jpg,36800,0185
/Users/blueaz/Tennis/frames/20260103_back/frame_0186.jpg,37000,0186
/Users/blueaz/Tennis/frames/20260103_back/frame_0187.jpg,37200,0187
/Users/blueaz/Tennis/frames/20260103_back/frame_0188.jpg,37400,0188
/Users/blueaz/Tennis/frames/20260103_back/frame_0189.jpg,37600,0189
/Users/blueaz/Tennis/frames/20260103_back/frame_0190.jpg,37800,0190
/Users/blueaz/Tennis/frames/20260103_back/frame_0191.jpg,38000,0191
/Users/blueaz/Tennis/frames/20260103_back/frame_0192.jpg,38200,0192
/Users/blueaz/Tennis/frames/20260103_back/frame_0193.jpg,38400,0193
/Users/blueaz/Tennis/frames/20260103_back/frame_0194.jpg,38600,0194
/Users/blueaz/Tennis/frames/20260103_back/frame_0195.jpg,38800,0195
/Users/blueaz/Tennis/frames/20260103_back/frame_0196.jpg,39000,0196
/Users/blueaz/Tennis/frames/20260103_back/frame_0197.jpg,39200,0197
/Users/blueaz/Tennis/frames/20260103_back/frame_0198.jpg,39400,0198
/Users/blueaz/Tennis/frames/20260103_back/frame_0199.jpg,39600,0199
/Users/blueaz/Tennis/frames/20260103_back/frame_0200.jpg,39800,0200
/Users/blueaz/Tennis/frames/20260103_back/frame_0201.jpg,40000,0201
/Users/blueaz/Tennis/frames/20260103_back/frame_0202.jpg,40200,0202
/Users/blueaz/Tennis/frames/20260103_back/frame_0203.jpg,40400,0203
/Users/blueaz/Tennis/frames/20260103_back/frame_0204.jpg,40600,0204
/Users/blueaz/Tennis/frames/20260103_back/frame_0205.jpg,40800,0205
/Users/blueaz/Tennis/frames/20260103_back/frame_0206.jpg,41000,0206
/Users/blueaz/Tennis/frames/20260103_back/frame_0207.jpg,41200,0207
/Users/blueaz/Tennis/frames/20260103_back/frame_0208.jpg,41400,0208
/Users/blueaz/Tennis/frames/20260103_back/frame_0209.jpg,41600,0209
/Users/blueaz/Tennis/frames/20260103_back/frame_0210.jpg,41800,0210
/Users/blueaz/Tennis/frames/20260103_back/frame_0211.jpg,42000,0211
/Users/blueaz/Tennis/frames/20260103_back/frame_0212.jpg,42200,0212
/Users/blueaz/Tennis/frames/20260103_back/frame_0213.jpg,42400,0213
/Users/blueaz/Tennis/frames/20260103_back/frame_0214.jpg,42600,0214
/Users/blueaz/Tennis/frames/20260103_back/frame_0215.jpg,42800,0215
/Users/blueaz/Tennis/frames/20260103_back/frame_0216.jpg,43000,0216
/Users/blueaz/Tennis/frames/20260103_back/frame_0217.jpg,43200,0217
/Users/blueaz/Tennis/frames/20260103_back/frame_0218.jpg,43400,0218
/Users/blueaz/Tennis/frames/20260103_back/frame_0219.jpg,43600,0219
/Users/blueaz/Tennis/frames/20260103_back/frame_0220.jpg,43800,0220
/Users/blueaz/Tennis/frames/20260103_back/frame_0221.jpg,44000,0221
/Users/blueaz/Tennis/frames/20260103_back/frame_0222.jpg,44200,0222
/Users/blueaz/Tennis/frames/20260103_back/frame_0223.jpg,44400,0223
/Users/blueaz/Tennis/frames/20260103_back/frame_0224.jpg,44600,0224
/Users/blueaz/Tennis/frames/20260103_back/frame_0225.jpg,44800,0225
/Users/blueaz/Tennis/frames/20260103_back/frame_0226.jpg,45000,0226
/Users/blueaz/Tennis/frames/20260103_back/frame_0227.jpg,45200,0227
/Users/blueaz/Tennis/frames/20260103_back/frame_0228.jpg,45400,0228
/Users/blueaz/Tennis/frames/20260103_back/frame_0229.jpg,45600,0229
/Users/blueaz/Tennis/frames/20260103_back/frame_0230.jpg,45800,0230
/Users/blueaz/Tennis/frames/20260103_back/frame_0231.jpg,46000,0231
/Users/blueaz/Tennis/frames/20260103_back/frame_0232.jpg,46200,0232
/Users/blueaz/Tennis/frames/20260103_back/frame_0233.jpg,46400,0233
/Users/blueaz/Tennis/frames/20260103_back/frame_0234.jpg,46600,0234
/Users/blueaz/Tennis/frames/20260103_back/frame_0235.jpg,46800,0235
/Users/blueaz/Tennis/frames/20260103_back/frame_0236.jpg,47000,0236
/Users/blueaz/Tennis/frames/20260103_back/frame_0237.jpg,47200,0237
/Users/blueaz/Tennis/frames/20260103_back/frame_0238.jpg,47400,0238
/Users/blueaz/Tennis/frames/20260103_back/frame_0239.jpg,47600,0239
/Users/blueaz/Tennis/frames/20260103_back/frame_0240.jpg,47800,0240
/Users/blueaz/Tennis/frames/20260103_back/frame_0241.jpg,48000,0241
/Users/blueaz/Tennis/frames/20260103_back/frame_0242.jpg,48200,0242
/Users/blueaz/Tennis/frames/20260103_back/frame_0243.jpg,48400,0243
/Users/blueaz/Tennis/frames/20260103_back/frame_0244.jpg,48600,0244
/Users/blueaz/Tennis/frames/20260103_back/frame_0245.jpg,48800,0245
/Users/blueaz/Tennis/frames/20260103_back/frame_0246.jpg,49000,0246
/Users/blueaz/Tennis/frames/20260103_back/frame_0247.jpg,49200,0247
/Users/blueaz/Tennis/frames/20260103_back/frame_0248.jpg,49400,0248
/Users/blueaz/Tennis/frames/20260103_back/frame_0249.jpg,49600,0249
/Users/blueaz/Tennis/frames/20260103_back/frame_0250.jpg,49800,0250
/Users/blueaz/Tennis/frames/20260103_back/frame_0251.jpg,50000,0251
/Users/blueaz/Tennis/frames/20260103_back/frame_0252.jpg,50200,0252
/Users/blueaz/Tennis/frames/20260103_back/frame_0253.jpg,50400,0253
/Users/blueaz/Tennis/frames/20260103_back/frame_0254.jpg,50600,0254
/Users/blueaz/Tennis/frames/20260103_back/frame_0255.jpg,50800,0255
/Users/blueaz/Tennis/frames/20260103_back/frame_0256.jpg,51000,0256
/Users/blueaz/Tennis/frames/20260103_back/frame_0257.jpg,51200,0257
/Users/blueaz/Tennis/frames/20260103_back/frame_0258.jpg,51400,0258
/Users/blueaz/Tennis/frames/20260103_back/frame_0259.jpg,51600,0259
/Users/blueaz/Tennis/frames/20260103_back/frame_0260.jpg,51800,0260
/Users/blueaz/Tennis/frames/20260103_back/frame_0261.jpg,52000,0261
/Users/blueaz/Tennis/frames/20260103_back/frame_0262.jpg,52200,0262
/Users/blueaz/Tennis/frames/20260103_back/frame_0263.jpg,52400,0263
/Users/blueaz/Tennis/frames/20260103_back/frame_0264.jpg,52600,0264
/Users/blueaz/Tennis/frames/20260103_back/frame_0265.jpg,52800,0265
/Users/blueaz/Tennis/frames/20260103_back/frame_0266.jpg,53000,0266
/Users/blueaz/Tennis/frames/20260103_back/frame_0267.jpg,53200,0267
/Users/blueaz/Tennis/frames/20260103_back/frame_0268.jpg,53400,0268
/Users/blueaz/Tennis/frames/20260103_back/frame_0269.jpg,53600,0269
/Users/blueaz/Tennis/frames/20260103_back/frame_0270.jpg,53800,0270
/Users/blueaz/Tennis/frames/20260103_back/frame_0271.jpg,54000,0271
/Users/blueaz/Tennis/frames/20260103_back/frame_0272.jpg,54200,0272
/Users/blueaz/Tennis/frames/20260103_back/frame_0273.jpg,54400,0273
/Users/blueaz/Tennis/frames/20260103_back/frame_0274.jpg,54600,0274
/Users/blueaz/Tennis/frames/20260103_back/frame_0275.jpg,54800,0275
/Users/blueaz/Tennis/frames/20260103_back/frame_0276.jpg,55000,0276
/Users/blueaz/Tennis/frames/20260103_back/frame_0277.jpg,55200,0277
/Users/blueaz/Tennis/frames/20260103_back/frame_0278.jpg,55400,0278
/Users/blueaz/Tennis/frames/20260103_back/frame_0279.jpg,55600,0279
/Users/blueaz/Tennis/frames/20260103_back/frame_0280.jpg,55800,0280
/Users/blueaz/Tennis/frames/20260103_back/frame_0281.jpg,56000,0281
/Users/blueaz/Tennis/frames/20260103_back/frame_0282.jpg,56200,0282
/Users/blueaz/Tennis/frames/20260103_back/frame_0283.jpg,56400,0283
/Users/blueaz/Tennis/frames/20260103_back/frame_0284.jpg,56600,0284
/Users/blueaz/Tennis/frames/20260103_back/frame_0285.jpg,56800,0285
/Users/blueaz/Tennis/frames/20260103_back/frame_0286.jpg,57000,0286
/Users/blueaz/Tennis/frames/20260103_back/frame_0287.jpg,57200,0287
/Users/blueaz/Tennis/frames/20260103_back/frame_0288.jpg,57400,0288
/Users/blueaz/Tennis/frames/20260103_back/frame_0289.jpg,57600,0289
/Users/blueaz/Tennis/frames/20260103_back/frame_0290.jpg,57800,0290
/Users/blueaz/Tennis/frames/20260103_back/frame_0291.jpg,58000,0291
/Users/blueaz/Tennis/frames/20260103_back/frame_0292.jpg,58200,0292
/Users/blueaz/Tennis/frames/20260103_back/frame_0293.jpg,58400,0293
/Users/blueaz/Tennis/frames/20260103_back/frame_0294.jpg,58600,0294
/Users/blueaz/Tennis/frames/20260103_back/frame_0295.jpg,58800,0295
/Users/blueaz/Tennis/frames/20260103_back/frame_0296.jpg,59000,0296
/Users/blueaz/Tennis/frames/20260103_back/frame_0297.jpg,59200,0297
/Users/blueaz/Tennis/frames/20260103_back/frame_0298.jpg,59400,0298
/Users/blueaz/Tennis/frames/20260103_back/frame_0299.jpg,59600,0299
/Users/blueaz/Tennis/frames/20260103_back/frame_0300.jpg,59800,0300
/Users/blueaz/Tennis/frames/20260103_back/frame_0301.jpg,60000,0301
/Users/blueaz/Tennis/frames/20260103_back/frame_0302.jpg,60200,0302
/Users/blueaz/Tennis/frames/20260103_back/frame_0303.jpg,60400,0303
/Users/blueaz/Tennis/frames/20260103_back/frame_0304.jpg,60600,0304
/Users/blueaz/Tennis/frames/20260103_back/frame_0305.jpg,60800,0305
/Users/blueaz/Tennis/frames/20260103_back/frame_0306.jpg,61000,0306
/Users/blueaz/Tennis/frames/20260103_back/frame_0307.jpg,61200,0307
/Users/blueaz/Tennis/frames/20260103_back/frame_0308.jpg,61400,0308
/Users/blueaz/Tennis/frames/20260103_back/frame_0309.jpg,61600,0309
/Users/blueaz/Tennis/frames/20260103_back/frame_0310.jpg,61800,0310
/Users/blueaz/Tennis/frames/20260103_back/frame_0311.jpg,62000,0311
/Users/blueaz/Tennis/frames/20260103_back/frame_0312.jpg,62200,0312
/Users/blueaz/Tennis/frames/20260103_back/frame_0313.jpg,62400,0313
/Users/blueaz/Tennis/frames/20260103_back/frame_0314.jpg,62600,0314
/Users/blueaz/Tennis/frames/20260103_back/frame_0315.jpg,62800,0315
/Users/blueaz/Tennis/frames/20260103_back/frame_0316.jpg,63000,0316
/Users/blueaz/Tennis/frames/20260103_back/frame_0317.jpg,63200,0317
/Users/blueaz/Tennis/frames/20260103_back/frame_0318.jpg,63400,0318
/Users/blueaz/Tennis/frames/20260103_back/frame_0319.jpg,63600,0319
/Users/blueaz/Tennis/frames/20260103_back/frame_0320.jpg,63800,0320
/Users/blueaz/Tennis/frames/20260103_back/frame_0321.jpg,64000,0321
/Users/blueaz/Tennis/frames/20260103_back/frame_0322.jpg,64200,0322
/Users/blueaz/Tennis/frames/20260103_back/frame_0323.jpg,64400,0323
/Users/blueaz/Tennis/frames/20260103_back/frame_0324.jpg,64600,0324
/Users/blueaz/Tennis/frames/20260103_back/frame_0325.jpg,64800,0325
/Users/blueaz/Tennis/frames/20260103_back/frame_0326.jpg,65000,0326
/Users/blueaz/Tennis/frames/20260103_back/frame_0327.jpg,65200,0327
/Users/blueaz/Tennis/frames/20260103_back/frame_0328.jpg,65400,0328
/Users/blueaz/Tennis/frames/20260103_back/frame_0329.jpg,65600,0329
/Users/blueaz/Tennis/frames/20260103_back/frame_0330.jpg,65800,0330
/Users/blueaz/Tennis/frames/20260103_back/frame_0331.jpg,66000,0331
/Users/blueaz/Tennis/frames/20260103_back/frame_0332.jpg,66200,0332
/Users/blueaz/Tennis/frames/20260103_back/frame_0333.jpg,66400,0333
/Users/blueaz/Tennis/frames/20260103_back/frame_0334.jpg,66600,0334
/Users/blueaz/Tennis/frames/20260103_back/frame_0335.jpg,66800,0335
/Users/blueaz/Tennis/frames/20260103_back/frame_0336.jpg,67000,0336
/Users/blueaz/Tennis/frames/20260103_back/frame_0337.jpg,67200,0337
/Users/blueaz/Tennis/frames/20260103_back/frame_0338.jpg,67400,0338
/Users/blueaz/Tennis/frames/20260103_back/frame_0339.jpg,67600,0339
/Users/blueaz/Tennis/frames/20260103_back/frame_0340.jpg,67800,0340
/Users/blueaz/Tennis/frames/20260103_back/frame_0341.jpg,68000,0341
/Users/blueaz/Tennis/frames/20260103_back/frame_0342.jpg,68200,0342
/Users/blueaz/Tennis/frames/20260103_back/frame_0343.jpg,68400,0343
/Users/blueaz/Tennis/frames/20260103_back/frame_0344.jpg,68600,0344
/Users/blueaz/Tennis/frames/20260103_back/frame_0345.jpg,68800,0345
/Users/blueaz/Tennis/frames/20260103_back/frame_0346.jpg,69000,0346
/Users/blueaz/Tennis/frames/20260103_back/frame_0347.jpg,69200,0347
/Users/blueaz/Tennis/frames/20260103_back/frame_0348.jpg,69400,0348
/Users/blueaz/Tennis/frames/20260103_back/frame_0349.jpg,69600,0349
/Users/blueaz/Tennis/frames/20260103_back/frame_0350.jpg,69800,0350
/Users/blueaz/Tennis/frames/20260103_back/frame_0351.jpg,70000,0351
/Users/blueaz/Tennis/frames/20260103_back/frame_0352.jpg,70200,0352
/Users/blueaz/Tennis/frames/20260103_back/frame_0353.jpg,70400,0353
/Users/blueaz/Tennis/frames/20260103_back/frame_0354.jpg,70600,0354
/Users/blueaz/Tennis/frames/20260103_back/frame_0355.jpg,70800,0355
/Users/blueaz/Tennis/frames/20260103_back/frame_0356.jpg,71000,0356
/Users/blueaz/Tennis/frames/20260103_back/frame_0357.jpg,71200,0357
/Users/blueaz/Tennis/frames/20260103_back/frame_0358.jpg,71400,0358
/Users/blueaz/Tennis/frames/20260103_back/frame_0359.jpg,71600,0359
/Users/blueaz/Tennis/frames/20260103_back/frame_0360.jpg,71800,0360
/Users/blueaz/Tennis/frames/20260103_back/frame_0361.jpg,72000,0361
/Users/blueaz/Tennis/frames/20260103_back/frame_0362.jpg,72200,0362
/Users/blueaz/Tennis/frames/20260103_back/frame_0363.jpg,72400,0363
/Users/blueaz/Tennis/frames/20260103_back/frame_0364.jpg,72600,0364
/Users/blueaz/Tennis/frames/20260103_back/frame_0365.jpg,72800,0365
/Users/blueaz/Tennis/frames/20260103_back/frame_0366.jpg,73000,0366
/Users/blueaz/Tennis/frames/20260103_back/frame_0367.jpg,73200,0367
/Users/blueaz/Tennis/frames/20260103_back/frame_0368.jpg,73400,0368
/Users/blueaz/Tennis/frames/20260103_back/frame_0369.jpg,73600,0369
/Users/blueaz/Tennis/frames/20260103_back/frame_0370.jpg,73800,0370
/Users/blueaz/Tennis/frames/20260103_back/frame_0371.jpg,74000,0371
/Users/blueaz/Tennis/frames/20260103_back/frame_0372.jpg,74200,0372
/Users/blueaz/Tennis/frames/20260103_back/frame_0373.jpg,74400,0373
/Users/blueaz/Tennis/frames/20260103_back/frame_0374.jpg,74600,0374
/Users/blueaz/Tennis/frames/20260103_back/frame_0375.jpg,74800,0375
/Users/blueaz/Tennis/frames/20260103_back/frame_0376.jpg,75000,0376
/Users/blueaz/Tennis/frames/20260103_back/frame_0377.jpg,75200,0377
/Users/blueaz/Tennis/frames/20260103_back/frame_0378.jpg,75400,0378
/Users/blueaz/Tennis/frames/20260103_back/frame_0379.jpg,75600,0379
/Users/blueaz/Tennis/frames/20260103_back/frame_0380.jpg,75800,0380
/Users/blueaz/Tennis/frames/20260103_back/frame_0381.jpg,76000,0381
/Users/blueaz/Tennis/frames/20260103_back/frame_0382.jpg,76200,0382
/Users/blueaz/Tennis/frames/20260103_back/frame_0383.jpg,76400,0383
/Users/blueaz/Tennis/frames/20260103_back/frame_0384.jpg,76600,0384
/Users/blueaz/Tennis/frames/20260103_back/frame_0385.jpg,76800,0385
/Users/blueaz/Tennis/frames/20260103_back/frame_0386.jpg,77000,0386
/Users/blueaz/Tennis/frames/20260103_back/frame_0387.jpg,77200,0387
/Users/blueaz/Tennis/frames/20260103_back/frame_0388.jpg,77400,0388
/Users/blueaz/Tennis/frames/20260103_back/frame_0389.jpg,77600,0389
/Users/blueaz/Tennis/frames/20260103_back/frame_0390.jpg,77800,0390
/Users/blueaz/Tennis/frames/20260103_back/frame_0391.jpg,78000,0391
/Users/blueaz/Tennis/frames/20260103_back/frame_0392.jpg,78200,0392
/Users/blueaz/Tennis/frames/20260103_back/frame_0393.jpg,78400,0393
/Users/blueaz/Tennis/frames/20260103_back/frame_0394.jpg,78600,0394
/Users/blueaz/Tennis/frames/20260103_back/frame_0395.jpg,78800,0395
/Users/blueaz/Tennis/frames/20260103_back/frame_0396.jpg,79000,0396
/Users/blueaz/Tennis/frames/20260103_back/frame_0397.jpg,79200,0397
/Users/blueaz/Tennis/frames/20260103_back/frame_0398.jpg,79400,0398
/Users/blueaz/Tennis/frames/20260103_back/frame_0399.jpg,79600,0399
/Users/blueaz/Tennis/frames/20260103_back/frame_0400.jpg,79800,0400
/Users/blueaz/Tennis/frames/20260103_back/frame_0401.jpg,80000,0401
/Users/blueaz/Tennis/frames/20260103_back/frame_0402.jpg,80200,0402
/Users/blueaz/Tennis/frames/20260103_back/frame_0403.jpg,80400,0403
/Users/blueaz/Tennis/frames/20260103_back/frame_0404.jpg,80600,0404
/Users/blueaz/Tennis/frames/20260103_back/frame_0405.jpg,80800,0405
/Users/blueaz/Tennis/frames/20260103_back/frame_0406.jpg,81000,0406
/Users/blueaz/Tennis/frames/20260103_back/frame_0407.jpg,81200,0407
/Users/blueaz/Tennis/frames/20260103_back/frame_0408.jpg,81400,0408
/Users/blueaz/Tennis/frames/20260103_back/frame_0409.jpg,81600,0409
/Users/blueaz/Tennis/frames/20260103_back/frame_0410.jpg,81800,0410
/Users/blueaz/Tennis/frames/20260103_back/frame_0411.jpg,82000,0411
/Users/blueaz/Tennis/frames/20260103_back/frame_0412.jpg,82200,0412
/Users/blueaz/Tennis/frames/20260103_back/frame_0413.jpg,82400,0413
/Users/blueaz/Tennis/frames/20260103_back/frame_0414.jpg,82600,0414
/Users/blueaz/Tennis/frames/20260103_back/frame_0415.jpg,82800,0415
/Users/blueaz/Tennis/frames/20260103_back/frame_0416.jpg,83000,0416
/Users/blueaz/Tennis/frames/20260103_back/frame_0417.jpg,83200,0417
/Users/blueaz/Tennis/frames/20260103_back/frame_0418.jpg,83400,0418
/Users/blueaz/Tennis/frames/20260103_back/frame_0419.jpg,83600,0419
/Users/blueaz/Tennis/frames/20260103_back/frame_0420.jpg,83800,0420
/Users/blueaz/Tennis/frames/20260103_back/frame_0421.jpg,84000,0421
/Users/blueaz/Tennis/frames/20260103_back/frame_0422.jpg,84200,0422
/Users/blueaz/Tennis/frames/20260103_back/frame_0423.jpg,84400,0423
/Users/blueaz/Tennis/frames/20260103_back/frame_0424.jpg,84600,0424
/Users/blueaz/Tennis/frames/20260103_back/frame_0425.jpg,84800,0425
/Users/blueaz/Tennis/frames/20260103_back/frame_0426.jpg,85000,0426
/Users/blueaz/Tennis/frames/20260103_back/frame_0427.jpg,85200,0427
/Users/blueaz/Tennis/frames/20260103_back/frame_0428.jpg,85400,0428
/Users/blueaz/Tennis/frames/20260103_back/frame_0429.jpg,85600,0429
/Users/blueaz/Tennis/frames/20260103_back/frame_0430.jpg,85800,0430
/Users/blueaz/Tennis/frames/20260103_back/frame_0431.jpg,86000,0431
/Users/blueaz/Tennis/frames/20260103_back/frame_0432.jpg,86200,0432
/Users/blueaz/Tennis/frames/20260103_back/frame_0433.jpg,86400,0433
/Users/blueaz/Tennis/frames/20260103_back/frame_0434.jpg,86600,0434
/Users/blueaz/Tennis/frames/20260103_back/frame_0435.jpg,86800,0435
/Users/blueaz/Tennis/frames/20260103_back/frame_0436.jpg,87000,0436
/Users/blueaz/Tennis/frames/20260103_back/frame_0437.jpg,87200,0437
/Users/blueaz/Tennis/frames/20260103_back/frame_0438.jpg,87400,0438
/Users/blueaz/Tennis/frames/20260103_back/frame_0439.jpg,87600,0439
/Users/blueaz/Tennis/frames/20260103_back/frame_0440.jpg,87800,0440
/Users/blueaz/Tennis/frames/20260103_back/frame_0441.jpg,88000,0441
/Users/blueaz/Tennis/frames/20260103_back/frame_0442.jpg,88200,0442
/Users/blueaz/Tennis/frames/20260103_back/frame_0443.jpg,88400,0443
/Users/blueaz/Tennis/frames/20260103_back/frame_0444.jpg,88600,0444
/Users/blueaz/Tennis/frames/20260103_back/frame_0445.jpg,88800,0445
/Users/blueaz/Tennis/frames/20260103_back/frame_0446.jpg,89000,0446
/Users/blueaz/Tennis/frames/20260103_back/frame_0447.jpg,89200,0447
/Users/blueaz/Tennis/frames/20260103_back/frame_0448.jpg,89400,0448
/Users/blueaz/Tennis/frames/20260103_back/frame_0449.jpg,89600,0449
/Users/blueaz/Tennis/frames/20260103_back/frame_0450.jpg,89800,0450
/Users/blueaz/Tennis/frames/20260103_back/frame_0451.jpg,90000,0451
/Users/blueaz/Tennis/frames/20260103_back/frame_0452.jpg,90200,0452
/Users/blueaz/Tennis/frames/20260103_back/frame_0453.jpg,90400,0453
/Users/blueaz/Tennis/frames/20260103_back/frame_0454.jpg,90600,0454
/Users/blueaz/Tennis/frames/20260103_back/frame_0455.jpg,90800,0455
/Users/blueaz/Tennis/frames/20260103_back/frame_0456.jpg,91000,0456
/Users/blueaz/Tennis/frames/20260103_back/frame_0457.jpg,91200,0457
/Users/blueaz/Tennis/frames/20260103_back/frame_0458.jpg,91400,0458
/Users/blueaz/Tennis/frames/20260103_back/frame_0459.jpg,91600,0459
/Users/blueaz/Tennis/frames/20260103_back/frame_0460.jpg,91800,0460
/Users/blueaz/Tennis/frames/20260103_back/frame_0461.jpg,92000,0461
/Users/blueaz/Tennis/frames/20260103_back/frame_0462.jpg,92200,0462
/Users/blueaz/Tennis/frames/20260103_back/frame_0463.jpg,92400,0463
/Users/blueaz/Tennis/frames/20260103_back/frame_0464.jpg,92600,0464
/Users/blueaz/Tennis/frames/20260103_back/frame_0465.jpg,92800,0465
/Users/blueaz/Tennis/frames/20260103_back/frame_0466.jpg,93000,0466
/Users/blueaz/Tennis/frames/20260103_back/frame_0467.jpg,93200,0467
/Users/blueaz/Tennis/frames/20260103_back/frame_0468.jpg,93400,0468
/Users/blueaz/Tennis/frames/20260103_back/frame_0469.jpg,93600,0469
/Users/blueaz/Tennis/frames/20260103_back/frame_0470.jpg,93800,0470
/Users/blueaz/Tennis/frames/20260103_back/frame_0471.jpg,94000,0471
/Users/blueaz/Tennis/frames/20260103_back/frame_0472.jpg,94200,0472
/Users/blueaz/Tennis/frames/20260103_back/frame_0473.jpg,94400,0473
/Users/blueaz/Tennis/frames/20260103_back/frame_0474.jpg,94600,0474
/Users/blueaz/Tennis/frames/20260103_back/frame_0475.jpg,94800,0475
/Users/blueaz/Tennis/frames/20260103_back/frame_0476.jpg,95000,0476
/Users/blueaz/Tennis/frames/20260103_back/frame_0477.jpg,95200,0477
/Users/blueaz/Tennis/frames/20260103_back/frame_0478.jpg,95400,0478
/Users/blueaz/Tennis/frames/20260103_back/frame_0479.jpg,95600,0479
/Users/blueaz/Tennis/frames/20260103_back/frame_0480.jpg,95800,0480
/Users/blueaz/Tennis/frames/20260103_back/frame_0481.jpg,96000,0481
/Users/blueaz/Tennis/frames/20260103_back/frame_0482.jpg,96200,0482
/Users/blueaz/Tennis/frames/20260103_back/frame_0483.jpg,96400,0483
/Users/blueaz/Tennis/frames/20260103_back/frame_0484.jpg,96600,0484
/Users/blueaz/Tennis/frames/20260103_back/frame_0485.jpg,96800,0485
/Users/blueaz/Tennis/frames/20260103_back/frame_0486.jpg,97000,0486
/Users/blueaz/Tennis/frames/20260103_back/frame_0487.jpg,97200,0487
/Users/blueaz/Tennis/frames/20260103_back/frame_0488.jpg,97400,0488
/Users/blueaz/Tennis/frames/20260103_back/frame_0489.jpg,97600,0489
/Users/blueaz/Tennis/frames/20260103_back/frame_0490.jpg,97800,0490
/Users/blueaz/Tennis/frames/20260103_back/frame_0491.jpg,98000,0491
/Users/blueaz/Tennis/frames/20260103_back/frame_0492.jpg,98200,0492
/Users/blueaz/Tennis/frames/20260103_back/frame_0493.jpg,98400,0493
/Users/blueaz/Tennis/frames/20260103_back/frame_0494.jpg,98600,0494
/Users/blueaz/Tennis/frames/20260103_back/frame_0495.jpg,98800,0495
/Users/blueaz/Tennis/frames/20260103_back/frame_0496.jpg,99000,0496
/Users/blueaz/Tennis/frames/20260103_back/frame_0497.jpg,99200,0497
/Users/blueaz/Tennis/frames/20260103_back/frame_0498.jpg,99400,0498
/Users/blueaz/Tennis/frames/20260103_back/frame_0499.jpg,99600,0499
/Users/blueaz/Tennis/frames/20260103_back/frame_0500.jpg,99800,0500
/Users/blueaz/Tennis/frames/20260103_back/frame_0501.jpg,100000,0501
/Users/blueaz/Tennis/frames/20260103_back/frame_0502.jpg,100200,0502
/Users/blueaz/Tennis/frames/20260103_back/frame_0503.jpg,100400,0503
/Users/blueaz/Tennis/frames/20260103_back/frame_0504.jpg,100600,0504
/Users/blueaz/Tennis/frames/20260103_back/frame_0505.jpg,100800,0505
/Users/blueaz/Tennis/frames/20260103_back/frame_0506.jpg,101000,0506
/Users/blueaz/Tennis/frames/20260103_back/frame_0507.jpg,101200,0507
/Users/blueaz/Tennis/frames/20260103_back/frame_0508.jpg,101400,0508
/Users/blueaz/Tennis/frames/20260103_back/frame_0509.jpg,101600,0509
/Users/blueaz/Tennis/frames/20260103_back/frame_0510.jpg,101800,0510
/Users/blueaz/Tennis/frames/20260103_back/frame_0511.jpg,102000,0511
/Users/blueaz/Tennis/frames/20260103_back/frame_0512.jpg,102200,0512
/Users/blueaz/Tennis/frames/20260103_back/frame_0513.jpg,102400,0513
/Users/blueaz/Tennis/frames/20260103_back/frame_0514.jpg,102600,0514
/Users/blueaz/Tennis/frames/20260103_back/frame_0515.jpg,102800,0515
/Users/blueaz/Tennis/frames/20260103_back/frame_0516.jpg,103000,0516
/Users/blueaz/Tennis/frames/20260103_back/frame_0517.jpg,103200,0517
/Users/blueaz/Tennis/frames/20260103_back/frame_0518.jpg,103400,0518
/Users/blueaz/Tennis/frames/20260103_back/frame_0519.jpg,103600,0519
/Users/blueaz/Tennis/frames/20260103_back/frame_0520.jpg,103800,0520
/Users/blueaz/Tennis/frames/20260103_back/frame_0521.jpg,104000,0521
/Users/blueaz/Tennis/frames/20260103_back/frame_0522.jpg,104200,0522
/Users/blueaz/Tennis/frames/20260103_back/frame_0523.jpg,104400,0523
/Users/blueaz/Tennis/frames/20260103_back/frame_0524.jpg,104600,0524
/Users/blueaz/Tennis/frames/20260103_back/frame_0525.jpg,104800,0525
/Users/blueaz/Tennis/frames/20260103_back/frame_0526.jpg,105000,0526
/Users/blueaz/Tennis/frames/20260103_back/frame_0527.jpg,105200,0527
/Users/blueaz/Tennis/frames/20260103_back/frame_0528.jpg,105400,0528
/Users/blueaz/Tennis/frames/20260103_back/frame_0529.jpg,105600,0529
/Users/blueaz/Tennis/frames/20260103_back/frame_0530.jpg,105800,0530
/Users/blueaz/Tennis/frames/20260103_back/frame_0531.jpg,106000,0531
/Users/blueaz/Tennis/frames/20260103_back/frame_0532.jpg,106200,0532
/Users/blueaz/Tennis/frames/20260103_back/frame_0533.jpg,106400,0533
/Users/blueaz/Tennis/frames/20260103_back/frame_0534.jpg,106600,0534
/Users/blueaz/Tennis/frames/20260103_back/frame_0535.jpg,106800,0535
/Users/blueaz/Tennis/frames/20260103_back/frame_0536.jpg,107000,0536
/Users/blueaz/Tennis/frames/20260103_back/frame_0537.jpg,107200,0537
/Users/blueaz/Tennis/frames/20260103_back/frame_0538.jpg,107400,0538
/Users/blueaz/Tennis/frames/20260103_back/frame_0539.jpg,107600,0539
/Users/blueaz/Tennis/frames/20260103_back/frame_0540.jpg,107800,0540
/Users/blueaz/Tennis/frames/20260103_back/frame_0541.jpg,108000,0541
/Users/blueaz/Tennis/frames/20260103_back/frame_0542.jpg,108200,0542
/Users/blueaz/Tennis/frames/20260103_back/frame_0543.jpg,108400,0543
/Users/blueaz/Tennis/frames/20260103_back/frame_0544.jpg,108600,0544
/Users/blueaz/Tennis/frames/20260103_back/frame_0545.jpg,108800,0545
/Users/blueaz/Tennis/frames/20260103_back/frame_0546.jpg,109000,0546
/Users/blueaz/Tennis/frames/20260103_back/frame_0547.jpg,109200,0547
/Users/blueaz/Tennis/frames/20260103_back/frame_0548.jpg,109400,0548
/Users/blueaz/Tennis/frames/20260103_back/frame_0549.jpg,109600,0549
/Users/blueaz/Tennis/frames/20260103_back/frame_0550.jpg,109800,0550
/Users/blueaz/Tennis/frames/20260103_back/frame_0551.jpg,110000,0551
/Users/blueaz/Tennis/frames/20260103_back/frame_0552.jpg,110200,0552
/Users/blueaz/Tennis/frames/20260103_back/frame_0553.jpg,110400,0553
/Users/blueaz/Tennis/frames/20260103_back/frame_0554.jpg,110600,0554
/Users/blueaz/Tennis/frames/20260103_back/frame_0555.jpg,110800,0555
/Users/blueaz/Tennis/frames/20260103_back/frame_0556.jpg,111000,0556
/Users/blueaz/Tennis/frames/20260103_back/frame_0557.jpg,111200,0557
/Users/blueaz/Tennis/frames/20260103_back/frame_0558.jpg,111400,0558
/Users/blueaz/Tennis/frames/20260103_back/frame_0559.jpg,111600,0559
/Users/blueaz/Tennis/frames/20260103_back/frame_0560.jpg,111800,0560
/Users/blueaz/Tennis/frames/20260103_back/frame_0561.jpg,112000,0561
/Users/blueaz/Tennis/frames/20260103_back/frame_0562.jpg,112200,0562
/Users/blueaz/Tennis/frames/20260103_back/frame_0563.jpg,112400,0563
/Users/blueaz/Tennis/frames/20260103_back/frame_0564.jpg,112600,0564
/Users/blueaz/Tennis/frames/20260103_back/frame_0565.jpg,112800,0565
/Users/blueaz/Tennis/frames/20260103_back/frame_0566.jpg,113000,0566
/Users/blueaz/Tennis/frames/20260103_back/frame_0567.jpg,113200,0567
/Users/blueaz/Tennis/frames/20260103_back/frame_0568.jpg,113400,0568
/Users/blueaz/Tennis/frames/20260103_back/frame_0569.jpg,113600,0569
/Users/blueaz/Tennis/frames/20260103_back/frame_0570.jpg,113800,0570
/Users/blueaz/Tennis/frames/20260103_back/frame_0571.jpg,114000,0571
/Users/blueaz/Tennis/frames/20260103_back/frame_0572.jpg,114200,0572
/Users/blueaz/Tennis/frames/20260103_back/frame_0573.jpg,114400,0573
/Users/blueaz/Tennis/frames/20260103_back/frame_0574.jpg,114600,0574
/Users/blueaz/Tennis/frames/20260103_back/frame_0575.jpg,114800,0575
/Users/blueaz/Tennis/frames/20260103_back/frame_0576.jpg,115000,0576
/Users/blueaz/Tennis/frames/20260103_back/frame_0577.jpg,115200,0577
/Users/blueaz/Tennis/frames/20260103_back/frame_0578.jpg,115400,0578
/Users/blueaz/Tennis/frames/20260103_back/frame_0579.jpg,115600,0579
/Users/blueaz/Tennis/frames/20260103_back/frame_0580.jpg,115800,0580
/Users/blueaz/Tennis/frames/20260103_back/frame_0581.jpg,116000,0581
/Users/blueaz/Tennis/frames/20260103_back/frame_0582.jpg,116200,0582
/Users/blueaz/Tennis/frames/20260103_back/frame_0583.jpg,116400,0583
/Users/blueaz/Tennis/frames/20260103_back/frame_0584.jpg,116600,0584
/Users/blueaz/Tennis/frames/20260103_back/frame_0585.jpg,116800,0585
/Users/blueaz/Tennis/frames/20260103_back/frame_0586.jpg,117000,0586
/Users/blueaz/Tennis/frames/20260103_back/frame_0587.jpg,117200,0587
/Users/blueaz/Tennis/frames/20260103_back/frame_0588.jpg,117400,0588
/Users/blueaz/Tennis/frames/20260103_back/frame_0589.jpg,117600,0589
/Users/blueaz/Tennis/frames/20260103_back/frame_0590.jpg,117800,0590
/Users/blueaz/Tennis/frames/20260103_back/frame_0591.jpg,118000,0591
/Users/blueaz/Tennis/frames/20260103_back/frame_0592.jpg,118200,0592
/Users/blueaz/Tennis/frames/20260103_back/frame_0593.jpg,118400,0593
/Users/blueaz/Tennis/frames/20260103_back/frame_0594.jpg,118600,0594
/Users/blueaz/Tennis/frames/20260103_back/frame_0595.jpg,118800,0595
/Users/blueaz/Tennis/frames/20260103_back/frame_0596.jpg,119000,0596
/Users/blueaz/Tennis/frames/20260103_back/frame_0597.jpg,119200,0597
/Users/blueaz/Tennis/frames/20260103_back/frame_0598.jpg,119400,0598
/Users/blueaz/Tennis/frames/20260103_back/frame_0599.jpg,119600,0599
/Users/blueaz/Tennis/frames/20260103_back/frame_0600.jpg,119800,0600
/Users/blueaz/Tennis/frames/20260103_back/frame_0601.jpg,120000,0601
/Users/blueaz/Tennis/frames/20260103_back/frame_0602.jpg,120200,0602
/Users/blueaz/Tennis/frames/20260103_back/frame_0603.jpg,120400,0603
/Users/blueaz/Tennis/frames/20260103_back/frame_0604.jpg,120600,0604
/Users/blueaz/Tennis/frames/20260103_back/frame_0605.jpg,120800,0605
/Users/blueaz/Tennis/frames/20260103_back/frame_0606.jpg,121000,0606
/Users/blueaz/Tennis/frames/20260103_back/frame_0607.jpg,121200,0607
/Users/blueaz/Tennis/frames/20260103_back/frame_0608.jpg,121400,0608
/Users/blueaz/Tennis/frames/20260103_back/frame_0609.jpg,121600,0609
/Users/blueaz/Tennis/frames/20260103_back/frame_0610.jpg,121800,0610
/Users/blueaz/Tennis/frames/20260103_back/frame_0611.jpg,122000,0611
/Users/blueaz/Tennis/frames/20260103_back/frame_0612.jpg,122200,0612
/Users/blueaz/Tennis/frames/20260103_back/frame_0613.jpg,122400,0613
/Users/blueaz/Tennis/frames/20260103_back/frame_0614.jpg,122600,0614
/Users/blueaz/Tennis/frames/20260103_back/frame_0615.jpg,122800,0615
/Users/blueaz/Tennis/frames/20260103_back/frame_0616.jpg,123000,0616
/Users/blueaz/Tennis/frames/20260103_back/frame_0617.jpg,123200,0617
/Users/blueaz/Tennis/frames/20260103_back/frame_0618.jpg,123400,0618
/Users/blueaz/Tennis/frames/20260103_back/frame_0619.jpg,123600,0619
/Users/blueaz/Tennis/frames/20260103_back/frame_0620.jpg,123800,0620
/Users/blueaz/Tennis/frames/20260103_back/frame_0621.jpg,124000,0621
/Users/blueaz/Tennis/frames/20260103_back/frame_0622.jpg,124200,0622
/Users/blueaz/Tennis/frames/20260103_back/frame_0623.jpg,124400,0623
/Users/blueaz/Tennis/frames/20260103_back/frame_0624.jpg,124600,0624
/Users/blueaz/Tennis/frames/20260103_back/frame_0625.jpg,124800,0625
/Users/blueaz/Tennis/frames/20260103_back/frame_0626.jpg,125000,0626
/Users/blueaz/Tennis/frames/20260103_back/frame_0627.jpg,125200,0627
/Users/blueaz/Tennis/frames/20260103_back/frame_0628.jpg,125400,0628
/Users/blueaz/Tennis/frames/20260103_back/frame_0629.jpg,125600,0629
/Users/blueaz/Tennis/frames/20260103_back/frame_0630.jpg,125800,0630
/Users/blueaz/Tennis/frames/20260103_back/frame_0631.jpg,126000,0631
/Users/blueaz/Tennis/frames/20260103_back/frame_0632.jpg,126200,0632
/Users/blueaz/Tennis/frames/20260103_back/frame_0633.jpg,126400,0633
/Users/blueaz/Tennis/frames/20260103_back/frame_0634.jpg,126600,0634
/Users/blueaz/Tennis/frames/20260103_back/frame_0635.jpg,126800,0635
/Users/blueaz/Tennis/frames/20260103_back/frame_0636.jpg,127000,0636
/Users/blueaz/Tennis/frames/20260103_back/frame_0637.jpg,127200,0637
/Users/blueaz/Tennis/frames/20260103_back/frame_0638.jpg,127400,0638
/Users/blueaz/Tennis/frames/20260103_back/frame_0639.jpg,127600,0639
/Users/blueaz/Tennis/frames/20260103_back/frame_0640.jpg,127800,0640
/Users/blueaz/Tennis/frames/20260103_back/frame_0641.jpg,128000,0641
/Users/blueaz/Tennis/frames/20260103_back/frame_0642.jpg,128200,0642
/Users/blueaz/Tennis/frames/20260103_back/frame_0643.jpg,128400,0643
/Users/blueaz/Tennis/frames/20260103_back/frame_0644.jpg,128600,0644
/Users/blueaz/Tennis/frames/20260103_back/frame_0645.jpg,128800,0645
/Users/blueaz/Tennis/frames/20260103_back/frame_0646.jpg,129000,0646
/Users/blueaz/Tennis/frames/20260103_back/frame_0647.jpg,129200,0647
/Users/blueaz/Tennis/frames/20260103_back/frame_0648.jpg,129400,0648
/Users/blueaz/Tennis/frames/20260103_back/frame_0649.jpg,129600,0649
/Users/blueaz/Tennis/frames/20260103_back/frame_0650.jpg,129800,0650
/Users/blueaz/Tennis/frames/20260103_back/frame_0651.jpg,130000,0651
/Users/blueaz/Tennis/frames/20260103_back/frame_0652.jpg,130200,0652
/Users/blueaz/Tennis/frames/20260103_back/frame_0653.jpg,130400,0653
/Users/blueaz/Tennis/frames/20260103_back/frame_0654.jpg,130600,0654
/Users/blueaz/Tennis/frames/20260103_back/frame_0655.jpg,130800,0655
/Users/blueaz/Tennis/frames/20260103_back/frame_0656.jpg,131000,0656
/Users/blueaz/Tennis/frames/20260103_back/frame_0657.jpg,131200,0657
/Users/blueaz/Tennis/frames/20260103_back/frame_0658.jpg,131400,0658
/Users/blueaz/Tennis/frames/20260103_back/frame_0659.jpg,131600,0659
/Users/blueaz/Tennis/frames/20260103_back/frame_0660.jpg,131800,0660
/Users/blueaz/Tennis/frames/20260103_back/frame_0661.jpg,132000,0661
/Users/blueaz/Tennis/frames/20260103_back/frame_0662.jpg,132200,0662
/Users/blueaz/Tennis/frames/20260103_back/frame_0663.jpg,132400,0663
/Users/blueaz/Tennis/frames/20260103_back/frame_0664.jpg,132600,0664
/Users/blueaz/Tennis/frames/20260103_back/frame_0665.jpg,132800,0665
/Users/blueaz/Tennis/frames/20260103_back/frame_0666.jpg,133000,0666
/Users/blueaz/Tennis/frames/20260103_back/frame_0667.jpg,133200,0667
/Users/blueaz/Tennis/frames/20260103_back/frame_0668.jpg,133400,0668
/Users/blueaz/Tennis/frames/20260103_back/frame_0669.jpg,133600,0669
/Users/blueaz/Tennis/frames/20260103_back/frame_0670.jpg,133800,0670
/Users/blueaz/Tennis/frames/20260103_back/frame_0671.jpg,134000,0671
/Users/blueaz/Tennis/frames/20260103_back/frame_0672.jpg,134200,0672
/Users/blueaz/Tennis/frames/20260103_back/frame_0673.jpg,134400,0673
/Users/blueaz/Tennis/frames/20260103_back/frame_0674.jpg,134600,0674
/Users/blueaz/Tennis/frames/20260103_back/frame_0675.jpg,134800,0675
/Users/blueaz/Tennis/frames/20260103_back/frame_0676.jpg,135000,0676
/Users/blueaz/Tennis/frames/20260103_back/frame_0677.jpg,135200,0677
/Users/blueaz/Tennis/frames/20260103_back/frame_0678.jpg,135400,0678
/Users/blueaz/Tennis/frames/20260103_back/frame_0679.jpg,135600,0679
/Users/blueaz/Tennis/frames/20260103_back/frame_0680.jpg,135800,0680
/Users/blueaz/Tennis/frames/20260103_back/frame_0681.jpg,136000,0681
/Users/blueaz/Tennis/frames/20260103_back/frame_0682.jpg,136200,0682
/Users/blueaz/Tennis/frames/20260103_back/frame_0683.jpg,136400,0683
/Users/blueaz/Tennis/frames/20260103_back/frame_0684.jpg,136600,0684
/Users/blueaz/Tennis/frames/20260103_back/frame_0685.jpg,136800,0685
/Users/blueaz/Tennis/frames/20260103_back/frame_0686.jpg,137000,0686
/Users/blueaz/Tennis/frames/20260103_back/frame_0687.jpg,137200,0687
/Users/blueaz/Tennis/frames/20260103_back/frame_0688.jpg,137400,0688
/Users/blueaz/Tennis/frames/20260103_back/frame_0689.jpg,137600,0689
/Users/blueaz/Tennis/frames/20260103_back/frame_0690.jpg,137800,0690
/Users/blueaz/Tennis/frames/20260103_back/frame_0691.jpg,138000,0691
/Users/blueaz/Tennis/frames/20260103_back/frame_0692.jpg,138200,0692
/Users/blueaz/Tennis/frames/20260103_back/frame_0693.jpg,138400,0693
/Users/blueaz/Tennis/frames/20260103_back/frame_0694.jpg,138600,0694
/Users/blueaz/Tennis/frames/20260103_back/frame_0695.jpg,138800,0695
/Users/blueaz/Tennis/frames/20260103_back/frame_0696.jpg,139000,0696
/Users/blueaz/Tennis/frames/20260103_back/frame_0697.jpg,139200,0697
/Users/blueaz/Tennis/frames/20260103_back/frame_0698.jpg,139400,0698
/Users/blueaz/Tennis/frames/20260103_back/frame_0699.jpg,139600,0699
/Users/blueaz/Tennis/frames/20260103_back/frame_0700.jpg,139800,0700
/Users/blueaz/Tennis/frames/20260103_back/frame_0701.jpg,140000,0701
/Users/blueaz/Tennis/frames/20260103_back/frame_0702.jpg,140200,0702
/Users/blueaz/Tennis/frames/20260103_back/frame_0703.jpg,140400,0703
/Users/blueaz/Tennis/frames/20260103_back/frame_0704.jpg,140600,0704
/Users/blueaz/Tennis/frames/20260103_back/frame_0705.jpg,140800,0705
/Users/blueaz/Tennis/frames/20260103_back/frame_0706.jpg,141000,0706
/Users/blueaz/Tennis/frames/20260103_back/frame_0707.jpg,141200,0707
/Users/blueaz/Tennis/frames/20260103_back/frame_0708.jpg,141400,0708
/Users/blueaz/Tennis/frames/20260103_back/frame_0709.jpg,141600,0709
/Users/blueaz/Tennis/frames/20260103_back/frame_0710.jpg,141800,0710
/Users/blueaz/Tennis/frames/20260103_back/frame_0711.jpg,142000,0711
/Users/blueaz/Tennis/frames/20260103_back/frame_0712.jpg,142200,0712
/Users/blueaz/Tennis/frames/20260103_back/frame_0713.jpg,142400,0713
/Users/blueaz/Tennis/frames/20260103_back/frame_0714.jpg,142600,0714
/Users/blueaz/Tennis/frames/20260103_back/frame_0715.jpg,142800,0715
/Users/blueaz/Tennis/frames/20260103_back/frame_0716.jpg,143000,0716
/Users/blueaz/Tennis/frames/20260103_back/frame_0717.jpg,143200,0717
/Users/blueaz/Tennis/frames/20260103_back/frame_0718.jpg,143400,0718
/Users/blueaz/Tennis/frames/20260103_back/frame_0719.jpg,143600,0719
/Users/blueaz/Tennis/frames/20260103_back/frame_0720.jpg,143800,0720
/Users/blueaz/Tennis/frames/20260103_back/frame_0721.jpg,144000,0721
/Users/blueaz/Tennis/frames/20260103_back/frame_0722.jpg,144200,0722
/Users/blueaz/Tennis/frames/20260103_back/frame_0723.jpg,144400,0723
/Users/blueaz/Tennis/frames/20260103_back/frame_0724.jpg,144600,0724
/Users/blueaz/Tennis/frames/20260103_back/frame_0725.jpg,144800,0725
/Users/blueaz/Tennis/frames/20260103_back/frame_0726.jpg,145000,0726
/Users/blueaz/Tennis/frames/20260103_back/frame_0727.jpg,145200,0727
/Users/blueaz/Tennis/frames/20260103_back/frame_0728.jpg,145400,0728
/Users/blueaz/Tennis/frames/20260103_back/frame_0729.jpg,145600,0729
/Users/blueaz/Tennis/frames/20260103_back/frame_0730.jpg,145800,0730
/Users/blueaz/Tennis/frames/20260103_back/frame_0731.jpg,146000,0731
/Users/blueaz/Tennis/frames/20260103_back/frame_0732.jpg,146200,0732
/Users/blueaz/Tennis/frames/20260103_back/frame_0733.jpg,146400,0733
/Users/blueaz/Tennis/frames/20260103_back/frame_0734.jpg,146600,0734
/Users/blueaz/Tennis/frames/20260103_back/frame_0735.jpg,146800,0735
/Users/blueaz/Tennis/frames/20260103_back/frame_0736.jpg,147000,0736
/Users/blueaz/Tennis/frames/20260103_back/frame_0737.jpg,147200,0737
/Users/blueaz/Tennis/frames/20260103_back/frame_0738.jpg,147400,0738
/Users/blueaz/Tennis/frames/20260103_back/frame_0739.jpg,147600,0739
/Users/blueaz/Tennis/frames/20260103_back/frame_0740.jpg,147800,0740
/Users/blueaz/Tennis/frames/20260103_back/frame_0741.jpg,148000,0741
/Users/blueaz/Tennis/frames/20260103_back/frame_0742.jpg,148200,0742
/Users/blueaz/Tennis/frames/20260103_back/frame_0743.jpg,148400,0743
/Users/blueaz/Tennis/frames/20260103_back/frame_0744.jpg,148600,0744
/Users/blueaz/Tennis/frames/20260103_back/frame_0745.jpg,148800,0745
/Users/blueaz/Tennis/frames/20260103_back/frame_0746.jpg,149000,0746
/Users/blueaz/Tennis/frames/20260103_back/frame_0747.jpg,149200,0747
/Users/blueaz/Tennis/frames/20260103_back/frame_0748.jpg,149400,0748
/Users/blueaz/Tennis/frames/20260103_back/frame_0749.jpg,149600,0749
/Users/blueaz/Tennis/frames/20260103_back/frame_0750.jpg,149800,0750
/Users/blueaz/Tennis/frames/20260103_back/frame_0751.jpg,150000,0751
/Users/blueaz/Tennis/frames/20260103_back/frame_0752.jpg,150200,0752
/Users/blueaz/Tennis/frames/20260103_back/frame_0753.jpg,150400,0753
/Users/blueaz/Tennis/frames/20260103_back/frame_0754.jpg,150600,0754
/Users/blueaz/Tennis/frames/20260103_back/frame_0755.jpg,150800,0755
/Users/blueaz/Tennis/frames/20260103_back/frame_0756.jpg,151000,0756
/Users/blueaz/Tennis/frames/20260103_back/frame_0757.jpg,151200,0757
/Users/blueaz/Tennis/frames/20260103_back/frame_0758.jpg,151400,0758
/Users/blueaz/Tennis/frames/20260103_back/frame_0759.jpg,151600,0759
/Users/blueaz/Tennis/frames/20260103_back/frame_0760.jpg,151800,0760
/Users/blueaz/Tennis/frames/20260103_back/frame_0761.jpg,152000,0761
/Users/blueaz/Tennis/frames/20260103_back/frame_0762.jpg,152200,0762
/Users/blueaz/Tennis/frames/20260103_back/frame_0763.jpg,152400,0763
/Users/blueaz/Tennis/frames/20260103_back/frame_0764.jpg,152600,0764
/Users/blueaz/Tennis/frames/20260103_back/frame_0765.jpg,152800,0765
/Users/blueaz/Tennis/frames/20260103_back/frame_0766.jpg,153000,0766
/Users/blueaz/Tennis/frames/20260103_back/frame_0767.jpg,153200,0767
/Users/blueaz/Tennis/frames/20260103_back/frame_0768.jpg,153400,0768
/Users/blueaz/Tennis/frames/20260103_back/frame_0769.jpg,153600,0769
/Users/blueaz/Tennis/frames/20260103_back/frame_0770.jpg,153800,0770
/Users/blueaz/Tennis/frames/20260103_back/frame_0771.jpg,154000,0771
/Users/blueaz/Tennis/frames/20260103_back/frame_0772.jpg,154200,0772
/Users/blueaz/Tennis/frames/20260103_back/frame_0773.jpg,154400,0773
/Users/blueaz/Tennis/frames/20260103_back/frame_0774.jpg,154600,0774
/Users/blueaz/Tennis/frames/20260103_back/frame_0775.jpg,154800,0775
/Users/blueaz/Tennis/frames/20260103_back/frame_0776.jpg,155000,0776
/Users/blueaz/Tennis/frames/20260103_back/frame_0777.jpg,155200,0777
/Users/blueaz/Tennis/frames/20260103_back/frame_0778.jpg,155400,0778
/Users/blueaz/Tennis/frames/20260103_back/frame_0779.jpg,155600,0779
/Users/blueaz/Tennis/frames/20260103_back/frame_0780.jpg,155800,0780
/Users/blueaz/Tennis/frames/20260103_back/frame_0781.jpg,156000,0781
/Users/blueaz/Tennis/frames/20260103_back/frame_0782.jpg,156200,0782
/Users/blueaz/Tennis/frames/20260103_back/frame_0783.jpg,156400,0783
/Users/blueaz/Tennis/frames/20260103_back/frame_0784.jpg,156600,0784
/Users/blueaz/Tennis/frames/20260103_back/frame_0785.jpg,156800,0785
/Users/blueaz/Tennis/frames/20260103_back/frame_0786.jpg,157000,0786
/Users/blueaz/Tennis/frames/20260103_back/frame_0787.jpg,157200,0787
/Users/blueaz/Tennis/frames/20260103_back/frame_0788.jpg,157400,0788
/Users/blueaz/Tennis/frames/20260103_back/frame_0789.jpg,157600,0789
/Users/blueaz/Tennis/frames/20260103_back/frame_0790.jpg,157800,0790
/Users/blueaz/Tennis/frames/20260103_back/frame_0791.jpg,158000,0791
/Users/blueaz/Tennis/frames/20260103_back/frame_0792.jpg,158200,0792
/Users/blueaz/Tennis/frames/20260103_back/frame_0793.jpg,158400,0793
/Users/blueaz/Tennis/frames/20260103_back/frame_0794.jpg,158600,0794
/Users/blueaz/Tennis/frames/20260103_back/frame_0795.jpg,158800,0795
/Users/blueaz/Tennis/frames/20260103_back/frame_0796.jpg,159000,0796
/Users/blueaz/Tennis/frames/20260103_back/frame_0797.jpg,159200,0797
/Users/blueaz/Tennis/frames/20260103_back/frame_0798.jpg,159400,0798
/Users/blueaz/Tennis/frames/20260103_back/frame_0799.jpg,159600,0799
/Users/blueaz/Tennis/frames/20260103_back/frame_0800.jpg,159800,0800
/Users/blueaz/Tennis/frames/20260103_back/frame_0801.jpg,160000,0801
/Users/blueaz/Tennis/frames/20260103_back/frame_0802.jpg,160200,0802
/Users/blueaz/Tennis/frames/20260103_back/frame_0803.jpg,160400,0803
/Users/blueaz/Tennis/frames/20260103_back/frame_0804.jpg,160600,0804
/Users/blueaz/Tennis/frames/20260103_back/frame_0805.jpg,160800,0805
/Users/blueaz/Tennis/frames/20260103_back/frame_0806.jpg,161000,0806
/Users/blueaz/Tennis/frames/20260103_back/frame_0807.jpg,161200,0807
/Users/blueaz/Tennis/frames/20260103_back/frame_0808.jpg,161400,0808
/Users/blueaz/Tennis/frames/20260103_back/frame_0809.jpg,161600,0809
/Users/blueaz/Tennis/frames/20260103_back/frame_0810.jpg,161800,0810
/Users/blueaz/Tennis/frames/20260103_back/frame_0811.jpg,162000,0811
/Users/blueaz/Tennis/frames/20260103_back/frame_0812.jpg,162200,0812
/Users/blueaz/Tennis/frames/20260103_back/frame_0813.jpg,162400,0813
/Users/blueaz/Tennis/frames/20260103_back/frame_0814.jpg,162600,0814
/Users/blueaz/Tennis/frames/20260103_back/frame_0815.jpg,162800,0815
/Users/blueaz/Tennis/frames/20260103_back/frame_0816.jpg,163000,0816
/Users/blueaz/Tennis/frames/20260103_back/frame_0817.jpg,163200,0817
/Users/blueaz/Tennis/frames/20260103_back/frame_0818.jpg,163400,0818
/Users/blueaz/Tennis/frames/20260103_back/frame_0819.jpg,163600,0819
/Users/blueaz/Tennis/frames/20260103_back/frame_0820.jpg,163800,0820
/Users/blueaz/Tennis/frames/20260103_back/frame_0821.jpg,164000,0821
/Users/blueaz/Tennis/frames/20260103_back/frame_0822.jpg,164200,0822
/Users/blueaz/Tennis/frames/20260103_back/frame_0823.jpg,164400,0823
/Users/blueaz/Tennis/frames/20260103_back/frame_0824.jpg,164600,0824
/Users/blueaz/Tennis/frames/20260103_back/frame_0825.jpg,164800,0825
/Users/blueaz/Tennis/frames/20260103_back/frame_0826.jpg,165000,0826
/Users/blueaz/Tennis/frames/20260103_back/frame_0827.jpg,165200,0827
